epoch,time,train/box_loss,train/cls_loss,train/dfl_loss,metrics/precision(B),metrics/recall(B),metrics/mAP50(B),metrics/mAP50-95(B),val/box_loss,val/cls_loss,val/dfl_loss,lr/pg0,lr/pg1,lr/pg2
1,756.08,2.55873,3.39617,2.67169,0.30755,0.14121,0.09685,0.04166,2.0028,2.33843,1.97709,0.000277622,0.000277622,0.000277622
2,1476.15,1.82856,2.26198,1.77468,0.36067,0.24138,0.22416,0.11849,1.70509,1.83293,1.68404,0.000445341,0.000445341,0.000445341
